{
    "include": [],
    "module": "Aventus",
    "componentPrefix": "av",
    "build": [
        {
            "name": "base",
            "module": "Aventus",
            "inputPath": [
                "./component/",
                "./data/",
                "./lib/",
                "./ram/"
            ],
            "outsideModulePath": [
                "./attributes/",
                "./extension/"
            ],
            "generateDefinition": true,
            "outputFile": "../../lib/aventus.base.js"
        }
    ]
}