{
    "componentPrefix": "av",
    "build": [
        {
            "module": "AventusTest",
            "name": "Only Aventus script",
            "inputPath": [],
            "outputFile": "./aventus.js",
            "includeBase": true
        },
        {
            "name": "Todo list",
            "inputPath": [
                "./Complexe/TodoList/"
            ],
            "outputFile": "./Complexe/TodoList/out/todo.js"
        },
        {
            "name": "Web component - Hello world",
            "inputPath": [
                "./WebComponent/HelloWorld/"
            ],
            "outputFile": "./WebComponent/HelloWorld/helloworld.js"
        },
        {
            "name": "Web component - Select",
            "inputPath": [
                "./WebComponent/Select/"
            ],
            "outputFile": "./WebComponent/Select/select.js"
        },
        {
            "name": "Web component - Scrollable",
            "inputPath": [
                "./WebComponent/Scroll/"
            ],
            "outputFile": "./WebComponent/Scroll/scroll.js"
        }
    ]
}